Time,Disposable Income,Monthly supply,Mortgage,Personal Consumption,Savings,Emp. Rate,Uemp. Rate,GDP,Federal Fund Effective Rate,House Permit,Economic policy uncertainty,New Unit started,Financial Stress Index,Price Index
01-01-1980,4930.4,7.9,12.88,1697.3,190.9,67.99,6.3,101.6,13.82,1280,,1341,,
01-02-1980,4904,8.6,13.04,1701.4,196.2,67.95,6.3,101.2,14.13,1199,,1350,,
01-03-1980,4873.2,9.8,15.28,1708.2,200.3,67.72,6.3,100.8,17.19,988,,1047,,
01-04-1980,4867.9,11.6,16.33,1695.2,222.1,67.39,6.9,100.4,17.61,808,,1051,,
01-05-1980,4850.1,9.2,14.26,1700.1,225.3,66.98,7.5,100,10.98,861,,927,,
01-06-1980,4860.6,7.6,12.71,1718.8,223.5,66.82,7.6,99.7,9.47,1118,,1196,,
01-07-1980,4903.4,6.5,12.19,1747.1,229,66.78,7.8,99.5,9.03,1259,,1269,,
01-08-1980,4908.7,6,12.56,1763.8,231.3,66.64,7.7,99.5,9.61,1367,,1436,,
01-09-1980,4930,7.3,13.2,1780.5,241.9,66.91,7.5,99.6,10.87,1484,,1471,,
01-10-1980,4968.9,7.3,13.79,1817.1,236.8,66.95,7.5,99.8,12.81,1366,,1523,,
01-11-1980,4976.5,7.4,14.21,1826.8,246.8,66.99,7.5,100.1,15.85,1383,,1510,,
01-12-1980,4999.8,7.6,14.79,1851.7,245,67.06,7.2,100.4,18.9,1249,,1482,,
01-01-1981,4980.4,8,14.9,1870,235.7,67.23,7.5,100.6,19.08,1221,,1547,,
01-02-1981,4965,8.1,15.13,1884.2,236,67.27,7.4,100.8,15.93,1199,,1246,,
01-03-1981,4979,7.7,15.4,1902.9,238,67.4,7.4,100.8,14.7,1183,,1306,,
01-04-1981,4965.1,8.6,15.58,1904.4,239,67.65,7.2,100.8,15.72,1190,,1360,,
01-05-1981,4974.8,8.4,16.4,1913.8,242.9,67.5,7.5,100.7,18.52,1173,,1140,,
01-06-1981,5001.9,9.2,16.7,1934.5,242.3,66.96,7.5,100.7,19.1,976,,1045,,
01-07-1981,5080.8,9,16.83,1942.1,282.2,67.16,7.2,100.6,19.04,935,,1041,,
01-08-1981,5095.9,9.8,17.29,1966.6,277.8,67.13,7.4,100.4,17.82,889,,940,,
01-09-1981,5087.2,11.3,18.16,1965.5,288,66.81,7.6,100.1,15.87,847,,911,,
01-10-1981,5093.8,10.3,18.45,1963.9,302.1,66.84,7.9,99.8,15.08,731,,873,,
01-11-1981,5096.9,9.1,17.83,1970.6,308.3,66.64,8.3,99.3,13.31,748,,837,,
01-12-1981,5090.2,7.1,16.95,1988.8,293.3,66.24,8.5,98.9,12.37,796,,910,,
01-01-1982,5096.9,8.9,17.49,1997.1,300.3,66.32,8.6,98.5,13.22,794,,843,,
01-02-1982,5110.8,9.2,17.6,2021.2,288.7,66.29,8.9,98.1,14.78,808,,866,,
01-03-1982,5110,8.7,17.16,2024.1,290.6,66.13,9,97.8,14.68,891,,931,,
01-04-1982,5160.6,9.4,16.89,2026.3,311.7,65.94,9.3,97.5,14.94,888,,917,,
01-05-1982,5139,8.3,16.68,2044.5,296.8,66.05,9.4,97.3,14.45,953,,1025,,
01-06-1982,5110.7,8.3,16.7,2048.1,296.5,65.71,9.6,97.1,14.15,913,,902,,
01-07-1982,5157,8.2,16.82,2072.2,307.8,65.67,9.8,96.8,12.59,1044,,1166,,
01-08-1982,5164.7,7.1,16.27,2080.1,310.4,65.76,9.8,96.6,10.12,926,,1046,,
01-09-1982,5162.4,6.7,15.43,2104.6,290.8,65.6,10.1,96.5,10.31,1042,,1144,,
01-10-1982,5156.3,6.2,14.61,2125.8,279.7,65.29,10.4,96.4,9.71,1149,,1173,,
01-11-1982,5176.1,5.4,13.83,2149.3,272.3,65.16,10.8,96.3,9.2,1229,,1372,,
01-12-1982,5200.2,5.8,13.62,2161.6,274.5,65.06,10.8,96.3,8.95,1351,,1303,,
01-01-1983,5217.2,5.4,13.25,2174,281.4,65.35,10.4,96.5,8.68,1426,,1586,,
01-02-1983,5218.8,5.6,13.04,2177,282.5,65.24,10.4,96.7,8.51,1471,,1699,,
01-03-1983,5243.3,5.4,12.8,2202.8,271.2,65.19,10.3,96.9,8.77,1475,,1606,,
01-04-1983,5254.4,5.1,12.78,2226.4,263.6,65.27,10.2,97.2,8.8,1566,,1472,,
01-05-1983,5264.8,4.9,12.63,2245.9,255.7,65.22,10.1,97.6,8.63,1669,,1776,,
01-06-1983,5268.9,5.3,12.87,2276,236.5,65.94,10.1,97.9,8.98,1769,,1733,,
01-07-1983,5335.3,5.8,13.42,2304.4,254.3,66.25,9.4,98.2,9.37,1795,,1785,,
01-08-1983,5325.3,6.2,13.81,2320.4,243.9,66.45,9.5,98.6,9.56,1713,,1910,,
01-09-1983,5364.1,6.2,13.73,2334.9,257.3,66.64,9.2,98.9,9.45,1585,,1710,,
01-10-1983,5412.5,5.6,13.54,2357.6,262.4,66.57,8.8,99.2,9.48,1716,,1715,,
01-11-1983,5459.7,5.8,13.44,2366.3,280.5,66.98,8.5,99.5,9.34,1668,,1785,,
01-12-1983,5509.4,4.7,13.42,2393.6,279.1,67.13,8.3,99.8,9.47,1627,,1688,,
01-01-1984,5535.1,5.3,13.37,2419.4,278.1,67.22,8,100.1,9.56,1816,,1897,,
01-02-1984,5568.2,5.1,13.23,2403.5,329,67.58,7.8,100.3,9.59,1987,,2260,,
01-03-1984,5605.1,6.1,13.39,2431.6,328.3,67.67,7.8,100.6,9.91,1725,,1663,,
01-04-1984,5643.8,6,13.65,2457.5,331.7,67.85,7.7,100.7,10.29,1776,,1851,,
01-05-1984,5652.5,6.7,13.94,2474.5,321.9,68.31,7.4,100.9,10.32,1741,,1774,,
01-06-1984,5690.2,6.6,14.42,2495.6,324.2,68.57,7.2,100.9,11.06,1814,,1843,,
01-07-1984,5697.4,6.7,14.67,2494.6,338.1,68.41,7.5,101,11.23,1605,,1732,,
01-08-1984,5736.2,7.5,14.47,2512.2,348.6,68.22,7.5,100.9,11.64,1530,,1586,,
01-09-1984,5777,6.5,14.35,2533.8,351.5,68.34,7.3,100.9,11.3,1523,,1698,,
01-10-1984,5755.4,6,14.13,2531.3,349.5,68.38,7.4,100.9,9.99,1490,,1590,,
01-11-1984,5780.3,7.2,13.64,2571.4,325.1,68.52,7.2,100.8,9.43,1643,,1689,,
01-12-1984,5815.5,7.3,13.18,2582.6,338.2,68.61,7.3,100.8,8.38,1626,,1612,,
01-01-1985,5813.6,6.7,13.08,2618.8,312.2,68.72,7.3,100.8,8.35,1660,174.55,1711,,
01-02-1985,5759.7,6.5,12.92,2640.8,273.6,68.82,7.2,100.7,8.5,1662,165.72,1632,,
01-03-1985,5733,6.4,13.17,2648.5,262.2,69.01,7.2,100.7,8.58,1727,132.26,1800,,
01-04-1985,5828.1,6.9,13.2,2659.5,304.7,68.95,7.3,100.8,8.27,1664,110.64,1821,,
01-05-1985,5970.2,6.4,12.91,2696.4,349.5,68.94,7.2,100.8,7.97,1709,125.66,1680,,
01-06-1985,5844.8,6,12.22,2689.4,297.7,68.65,7.4,100.8,7.53,1716,147.68,1676,,
01-07-1985,5857.2,5.6,12.03,2715.7,284.5,68.83,7.4,100.9,7.88,1697,125.21,1684,,
01-08-1985,5852.9,5.8,12.19,2752.1,254.8,68.97,7.1,100.9,7.9,1808,134.61,1743,,
01-09-1985,5877.9,6.3,12.19,2794.7,229.9,69.22,7.1,100.9,7.92,1916,97.92,1676,,
01-10-1985,5907,6.4,12.14,2755.8,288.6,69.26,7.1,100.9,7.99,1743,91.53,1834,,
01-11-1985,5915.8,5.9,11.78,2771.1,286.4,69.29,7,100.9,8.05,1692,121.13,1698,,
01-12-1985,5951.1,5.8,11.26,2811.3,275.1,69.34,7,100.8,8.27,1794,128.09,1942,,
01-01-1986,5961.6,5.7,10.89,2827.1,278.5,69.46,6.7,100.8,8.14,1847,154.19,1972,,
01-02-1986,5992.4,6,10.71,2820.2,301.5,69.25,7.2,100.7,7.86,1767,156.12,1848,,
01-03-1986,6053.6,4.7,10.08,2823.6,323.5,69.42,7.2,100.6,7.48,1780,106.3,1876,,
01-04-1986,6076.8,4.7,9.94,2835.2,317.1,69.36,7.1,100.5,6.99,1858,114.61,1933,,
01-05-1986,6082.8,5.2,10.14,2857.5,303.8,69.42,7.2,100.5,6.85,1797,129.12,1854,,
01-06-1986,6078.3,5.7,10.68,2861.7,309.1,69.71,7.2,100.4,6.92,1790,153.03,1847,,
01-07-1986,6110.2,6.1,10.51,2881.2,307.2,69.78,7,100.3,6.56,1780,149.12,1782,,
01-08-1986,6119.3,7,10.2,2898.6,298.7,69.88,6.9,100.2,6.17,1726,142.63,1807,,
01-09-1986,6124.9,5.8,10.01,2971.8,239.2,69.85,7,100.2,5.89,1686,171.52,1687,,
01-10-1986,6121.2,6.5,9.97,2932.9,280.5,69.97,7,100.1,5.85,1675,121.41,1681,,
01-11-1986,6125.2,6.1,9.7,2928.4,293.1,69.97,6.9,100,6.04,1644,92.62,1623,,
01-12-1986,6135.8,5.5,9.31,2997.1,235,70.1,6.6,99.9,6.91,1903,90.3,1833,,63.97
01-01-1987,6159.5,6,9.2,2935.5,326.4,70.16,6.6,99.9,6.43,1690,93.66,1774,,64.42
01-02-1987,6192.1,6.2,9.08,3001.7,290.3,70.29,6.6,99.9,6.1,1689,70.56,1784,,64.74
01-03-1987,6200,6,9.04,3013.3,292.3,70.32,6.6,99.9,6.13,1704,69.18,1726,,65.13
01-04-1987,5967.2,6,9.83,3038.8,149.8,70.5,6.3,99.9,6.37,1601,77.08,1614,,65.57
01-05-1987,6209.1,6.7,10.6,3048.4,282.9,70.81,6.3,99.9,6.85,1500,59.87,1628,,66.07
01-06-1987,6200.8,6.9,10.54,3072.8,266.9,70.59,6.2,100,6.73,1522,87.21,1594,,66.51
01-07-1987,6218.1,6.7,10.28,3094.7,261,70.79,6.1,100,6.58,1516,68.67,1575,,66.94
01-08-1987,6244.2,6.8,10.33,3130.8,253,71,6,100.1,6.73,1511,56.68,1605,,67.33
01-09-1987,6244.3,6.8,10.89,3126.5,268.8,70.92,5.9,100.2,7.22,1514,63.75,1695,,67.74
01-10-1987,6284.5,6.8,11.26,3134.5,294.5,71.11,6,100.3,7.29,1447,122.52,1515,,68.11
01-11-1987,6308.9,7,10.65,3144.2,305.1,71.16,5.8,100.4,6.69,1457,137.26,1656,,68.51
01-12-1987,6365.4,7.6,10.64,3174.1,313.6,71.3,5.7,100.4,6.77,1345,115.3,1400,,68.86
01-01-1988,6378.8,7.5,10.38,3213.7,294.6,71.32,5.7,100.5,6.83,1244,109.53,1271,,69.26
01-02-1988,6416,6.6,9.89,3221.4,313.2,71.38,5.7,100.5,6.58,1438,79.71,1473,,69.64
01-03-1988,6442.2,6.6,9.93,3260.5,301.1,71.27,5.7,100.6,6.58,1525,74.65,1532,,69.98
01-04-1988,6464.3,6.4,10.2,3263,328.4,71.53,5.4,100.6,6.87,1429,76.27,1573,,70.43
01-05-1988,6473.4,6.6,10.46,3293.6,313.1,71.33,5.6,100.6,7.09,1444,86.12,1421,,70.89
01-06-1988,6497.4,6.2,10.46,3318.5,317.3,71.59,5.4,100.7,7.51,1485,76.77,1478,,71.35
01-07-1988,6524.5,6.6,10.43,3342.7,326.6,71.68,5.4,100.7,7.75,1439,79.23,1467,,71.8
01-08-1988,6542.8,6.6,10.6,3368,322.6,71.8,5.6,100.8,8.01,1460,84.92,1493,,72.24
01-09-1988,6555.5,6.5,10.48,3375,340.9,71.81,5.4,100.8,8.19,1436,56.78,1492,,72.64
01-10-1988,6590.4,6,10.3,3413.7,334.2,71.94,5.4,100.9,8.3,1516,90.76,1522,,73.07
01-11-1988,6592.6,7.2,10.27,3430.2,326.8,72.04,5.3,101,8.35,1508,101.32,1569,,73.47
01-12-1988,6625.1,6.8,10.61,3459.7,327.1,72.11,5.3,101.1,8.76,1501,77.44,1563,,73.95
01-01-1989,6653.4,6.2,10.73,3483.7,337.8,72.28,5.4,101.2,9.12,1466,87.74,1621,,74.38
01-02-1989,6673.2,7.5,10.65,3488,356.8,72.3,5.2,101.3,9.36,1383,65.21,1425,,74.78
01-03-1989,6706.7,8.2,11.03,3498.8,379.5,72.41,5,101.3,9.85,1214,62.26,1422,,75.09
01-04-1989,6672.3,7.4,11.05,3543,339.8,72.36,5.2,101.4,9.84,1376,73.03,1339,,75.31
01-05-1989,6641.7,7.1,10.77,3551.8,326.2,72.39,5.2,101.4,9.81,1381,77.93,1331,,75.48
01-06-1989,6660.5,7.2,10.2,3566.6,330.9,72.58,5.3,101.4,9.53,1322,86.28,1397,,75.66
01-07-1989,6683.9,6.1,9.88,3585.7,334.9,72.6,5.2,101.4,9.24,1283,99.29,1427,,75.84
01-08-1989,6701.6,6.4,9.99,3620.6,310.7,72.7,5.2,101.3,8.99,1334,66.16,1332,,76.06
01-09-1989,6721.7,7.1,10.13,3621.9,330,72.48,5.3,101.3,9.02,1314,50.69,1279,,76.28
01-10-1989,6754.8,6.9,9.95,3633.6,352.5,72.57,5.3,101.3,8.84,1365,81.41,1410,,76.52
01-11-1989,6761.3,6.6,9.77,3643.3,355,72.72,5.4,101.3,8.55,1344,82.96,1351,,76.71
01-12-1989,6761.4,7,9.74,3684.2,325.7,72.57,5.4,101.3,8.45,1422,87.58,1251,,76.9
01-01-1990,6801,7,9.9,3730.7,335.4,72.49,5.4,101.3,8.23,1748,106.66,1551,,77.05
01-02-1990,6815.1,7.6,10.2,3728.2,365,72.47,5.3,101.3,8.24,1329,105.75,1437,,77.2
01-03-1990,6816.9,7.8,10.27,3754.9,355.2,72.51,5.2,101.3,8.28,1246,75.65,1289,,77.28
01-04-1990,6860.6,8.3,10.37,3770,376.4,72.32,5.4,101.3,8.26,1136,79.11,1248,,77.3
01-05-1990,6852.4,8.2,10.48,3775.8,374.8,72.5,5.4,101.2,8.18,1067,78.46,1212,,77.26
01-06-1990,6862.3,7.9,10.16,3804.5,370.7,72.43,5.2,101.1,8.29,1108,84.32,1177,,77.14
01-07-1990,6886.1,7.8,10.04,3821.7,377.3,72.28,5.5,100.9,8.15,1078,88.52,1171,,77.01
01-08-1990,6842.8,8.2,10.1,3848.3,351.3,72.12,5.7,100.6,8.13,1069,142.37,1115,,76.85
01-09-1990,6839.5,8.4,10.18,3870.1,353.4,71.95,5.9,100.3,8.2,976,135.28,1110,,76.7
01-10-1990,6783.4,8.7,10.18,3870.6,341.6,71.95,5.9,100,8.11,925,136.89,1014,,76.37
01-11-1990,6785.1,8.2,10.01,3871.9,346.4,71.6,6.2,99.7,7.81,941,151.21,1145,,76.19
01-12-1990,6824.1,8.5,9.67,3861.3,385.8,71.57,6.3,99.4,7.31,861,128.84,969,,75.92
01-01-1991,6804.7,9.4,9.64,3841,408.2,71.36,6.4,99.1,6.91,786,136.99,798,,75.74
01-02-1991,6814,7.9,9.37,3866.7,390.4,71.18,6.6,99,6.25,853,127.83,965,,75.57
01-03-1991,6824.9,7.3,9.5,3913,351.6,71.04,6.8,98.8,6.12,911,98.58,921,,75.57
01-04-1991,6851.7,7.3,9.49,3907.1,382.2,71.22,6.7,98.8,5.91,916,93.16,1001,,75.77
01-05-1991,6852.9,7,9.47,3933.2,374.8,70.86,6.9,98.8,5.78,991,74.9,996,,75.99
01-06-1991,6888.5,7,9.62,3940.5,397.8,71.03,6.9,98.7,5.9,964,85.93,1036,,76.08
01-07-1991,6875.2,7.1,9.58,3966,370.3,70.99,6.8,98.7,5.82,973,110.87,1063,,76.11
01-08-1991,6891.4,6.8,9.24,3969.1,388.1,70.76,6.9,98.7,5.66,944,106.94,1049,,76.19
01-09-1991,6910.5,7.4,9.01,3984.7,400.7,70.97,6.9,98.7,5.45,974,121,1015,,76.08
01-10-1991,6921.1,6.7,8.86,3976,423.8,70.84,7,98.7,5.21,991,114.08,1079,,76.01
01-11-1991,6932.2,6.2,8.71,4003.6,413.6,70.71,7,98.8,4.81,984,172.65,1103,,76.06
01-12-1991,6995.7,6.2,8.5,4020.5,450,70.56,7.3,98.8,4.43,1061,190.54,1079,,76.09
01-01-1992,7065.3,5.2,8.43,4084.7,441.8,70.82,7.3,98.9,4.03,1077,165.45,1176,,76.16
01-02-1992,7097.8,4.9,8.76,4099.5,460.2,70.65,7.4,99.1,4.06,1146,169.71,1250,,76.28
01-03-1992,7105.5,6.1,8.94,4117,459.4,70.7,7.4,99.2,3.98,1082,125.66,1297,,76.35
01-04-1992,7126.8,6.1,8.85,4131.5,470.6,70.86,7.4,99.3,3.73,1054,98.95,1099,,76.4
01-05-1992,7161.1,6,8.67,4158.4,473.3,70.81,7.6,99.4,3.82,1056,96.91,1214,,76.33
01-06-1992,7191.7,5.6,8.51,4177.1,484.1,70.96,7.8,99.6,3.76,1057,123.27,1145,,76.26
01-07-1992,7187,5.3,8.13,4204.8,462.8,71.12,7.7,99.7,3.25,1089,138.97,1139,,76.23
01-08-1992,7212.8,5.2,7.98,4220.9,471,70.93,7.6,99.8,3.3,1075,153.66,1226,,76.24
01-09-1992,7179.5,5,7.92,4255.3,422.5,70.77,7.6,99.8,3.22,1114,162.56,1186,,76.38
01-10-1992,7133.6,5.1,8.09,4284.7,384.3,70.63,7.3,99.9,3.1,1132,192.95,1244,,76.56
01-11-1992,7144.5,5.4,8.31,4300.5,385.6,70.66,7.4,99.9,3.09,1118,153.51,1214,,76.67
01-12-1992,7399,5,8.21,4336.4,530.7,70.78,7.4,99.8,2.92,1176,103.45,1227,,76.78
01-01-1993,7237.6,5.4,7.99,4340.7,425.6,70.84,7.3,99.8,3.02,1177,114.88,1210,,76.84
01-02-1993,7271.8,5.3,7.68,4355.3,441.5,70.95,7.1,99.7,3.03,1148,115.3,1210,,76.87
01-03-1993,7249.2,5.4,7.5,4352.5,439,71.01,7,99.6,3.07,1056,138.47,1083,,76.94
01-04-1993,7286.8,4.7,7.47,4393.4,436.4,70.92,7.1,99.5,2.96,1104,116.83,1258,,77.04
01-05-1993,7276.3,5.3,7.47,4422.4,415.8,71.2,7.1,99.5,3,1112,156.06,1260,,77.24
01-06-1993,7262.9,5.2,7.42,4440,390.9,71.35,7,99.4,3.04,1130,131.54,1280,,77.43
01-07-1993,7281.2,5.3,7.21,4468.9,382.7,71.35,6.9,99.4,3.06,1174,122.79,1254,,77.61
01-08-1993,7291.8,5.5,7.11,4481.1,386.5,71.39,6.8,99.4,3.03,1230,148.24,1300,,77.8
01-09-1993,7271.9,4.9,6.92,4511.5,347.5,71.2,6.7,99.5,3.09,1251,129.7,1343,,77.94
01-10-1993,7236.4,5,6.83,4532.8,315.9,71.22,6.8,99.6,2.99,1287,81.8,1392,,78.15
01-11-1993,7256.4,4.8,7.16,4554.1,317.6,71.46,6.6,99.7,3.02,1357,100.99,1376,,78.33
01-12-1993,7503.7,4.5,7.17,4571.1,472.7,71.61,6.5,99.8,2.96,1461,87.75,1533,,78.59
01-01-1994,7363.1,5.9,7.06,4585.1,362.4,71.55,6.6,99.9,3.05,1390,93.8,1272,-0.3694,78.73
01-02-1994,7377.2,5,7.15,4632.6,335.9,71.66,6.6,100,3.25,1269,79.95,1337,-0.4901,78.86
01-03-1994,7401.7,4.8,7.68,4646,352.8,71.55,6.5,100.1,3.34,1342,85.95,1564,-0.2949,78.99
01-04-1994,7402,5.2,8.32,4671.1,332,71.64,6.4,100.2,3.56,1392,114.52,1465,-0.1576,79.22
01-05-1994,7487.4,5.3,8.6,4669.5,399.4,71.96,6.1,100.2,4.01,1396,111.18,1526,-0.2199,79.42
01-06-1994,7475.5,6.2,8.4,4708.9,362.9,71.81,6.1,100.3,4.25,1357,78.49,1409,-0.1042,79.6
01-07-1994,7481.7,6.3,8.61,4720.6,369,71.84,6.1,100.3,4.26,1335,91.79,1439,-0.1072,79.78
01-08-1994,7490.5,6.1,8.51,4762.6,343.7,72.1,6,100.3,4.47,1377,89.14,1450,-0.3263,79.92
01-09-1994,7523.2,6,8.64,4775,358.9,72.24,5.9,100.3,4.73,1412,98.47,1474,-0.3036,80.07
01-10-1994,7594.7,5.6,8.93,4812.9,380,72.44,5.8,100.3,4.76,1397,81.1,1450,-0.1168,80.15
01-11-1994,7594.4,6.3,9.17,4825.6,376.3,72.61,5.6,100.3,5.29,1340,118.83,1511,-0.2681,80.3
01-12-1994,7629.1,6.6,9.2,4841.6,387.2,72.68,5.5,100.2,5.45,1396,89.84,1455,-0.0751,80.43
01-01-1995,7653.7,6.8,9.15,4851.2,405.7,72.58,5.6,100.1,5.53,1282,136.11,1407,-0.2232,80.53
01-02-1995,7669.1,7.3,8.83,4850.8,424.5,72.73,5.4,100,5.92,1254,134.42,1316,-0.3355,80.6
01-03-1995,7690.3,6.8,8.46,4885.4,412,72.7,5.4,99.9,5.98,1226,97.52,1249,-0.284,80.66
01-04-1995,7633.6,6.7,8.32,4890.2,376.1,72.6,5.8,99.7,6.05,1259,69.45,1267,-0.3125,80.71
01-05-1995,7710.9,6.3,7.96,4933.1,393.9,72.41,5.6,99.6,6.01,1271,64.41,1314,-0.3173,80.79
01-06-1995,7734,5.8,7.57,4977.5,369.5,72.44,5.6,99.5,6,1305,93.44,1281,-0.1667,80.94
01-07-1995,7751.4,5.6,7.61,4970.2,393.7,72.55,5.7,99.5,5.85,1354,89.76,1461,-0.3121,81.11
01-08-1995,7756.6,6.1,7.86,5005.3,373,72.48,5.7,99.4,5.74,1386,46.76,1416,-0.3079,81.31
01-09-1995,7782,6.3,7.64,5020.5,378.1,72.49,5.6,99.4,5.8,1421,53.66,1369,-0.2658,81.48
01-10-1995,7790.9,6.3,7.48,5013.9,399.9,72.57,5.5,99.3,5.76,1400,80.67,1369,-0.1009,81.62
01-11-1995,7812.3,6.8,7.38,5055.6,371.6,72.48,5.6,99.3,5.8,1430,91.45,1452,-0.3402,81.74
01-12-1995,7823,6.4,7.2,5097.5,346.6,72.35,5.6,99.2,5.6,1442,113.52,1431,-0.2628,81.84
01-01-1996,7833.7,6.4,7.03,5085.7,380,72.34,5.6,99.3,5.56,1387,115.5,1467,-0.312,81.95
01-02-1996,7894.3,5.3,7.08,5132.8,384.9,72.52,5.5,99.3,5.22,1420,90.44,1491,-0.3829,82.19
01-03-1996,7919.9,6.2,7.62,5173.3,379.5,72.59,5.5,99.4,5.31,1437,81.63,1424,-0.2562,82.42
01-04-1996,7872.3,6,7.93,5208,324.6,72.56,5.6,99.4,5.22,1463,64.9,1516,-0.1033,82.61
01-05-1996,7972,5.9,8.07,5223.8,390.6,72.71,5.6,99.5,5.24,1457,74.13,1504,-0.2423,82.75
01-06-1996,8020.3,6,8.32,5229.8,418.2,72.83,5.3,99.6,5.27,1429,73.29,1467,-0.2007,82.93
01-07-1996,7999.4,5.7,8.25,5251.9,390.7,72.99,5.5,99.6,5.4,1450,65.25,1472,-0.1479,83.09
01-08-1996,8019.8,5,8,5275,386.4,73.05,5.1,99.6,5.22,1413,71.99,1557,-0.2254,83.26
01-09-1996,8038.7,5.2,8.23,5296.6,393.9,73.17,5.2,99.6,5.3,1392,70.33,1475,-0.1578,83.38
01-10-1996,8038.2,5.6,7.92,5328.5,377.6,73.29,5.2,99.6,5.24,1358,70.33,1392,-0.0995,83.55
01-11-1996,8060.2,5.2,7.62,5351.2,380.7,73.16,5.4,99.6,5.31,1412,62.71,1489,-0.254,83.72
01-12-1996,8087.7,5,7.6,5378.6,380,73.11,5.4,99.6,5.29,1411,63.94,1370,-0.0709,83.96
01-01-1997,8110.8,4.7,7.82,5411.1,370.9,73.04,5.3,99.6,5.25,1382,72.06,1355,-0.2888,84.18
01-02-1997,8133.4,4.5,7.65,5434,376.6,73.07,5.2,99.6,5.19,1445,64.32,1486,-0.3503,84.45
01-03-1997,8172.1,4.1,7.9,5454.2,389.9,73.35,5.2,99.7,5.39,1436,64.99,1457,-0.344,84.62
01-04-1997,8178.2,4.7,8.14,5459.3,392.3,73.37,5.1,99.7,5.51,1421,58.06,1492,-0.1341,84.86
01-05-1997,8214.1,4.6,7.94,5460.2,413.3,73.5,4.9,99.8,5.5,1414,77.92,1442,-0.1555,85.08
01-06-1997,8240.5,4.4,7.69,5494.2,405.1,73.45,5,99.9,5.56,1402,77.96,1494,-0.0367,85.33
01-07-1997,8271.7,4.4,7.5,5548.8,375.3,73.67,4.9,100,5.52,1440,58.03,1437,-0.2174,85.57
01-08-1997,8314.6,4.3,7.48,5587,372.5,73.76,4.8,100,5.54,1449,69.15,1390,-0.2891,85.85
01-09-1997,8336.4,4.2,7.43,5601.7,387.3,73.65,4.9,100,5.54,1494,49.32,1546,-0.0688,86.15
01-10-1997,8377.6,4.3,7.29,5637.7,387.5,73.66,4.7,100,5.5,1499,74.45,1520,0.093,86.63
01-11-1997,8431.8,3.9,7.21,5661.1,404.1,73.81,4.6,100,5.52,1469,81.3,1510,0.055,87.09
01-12-1997,8480.3,4.4,7.1,5692.1,408.4,73.75,4.7,100,5.5,1456,64.06,1566,0.0097,87.62
01-01-1998,8554.9,4,6.99,5689.9,471.3,73.71,4.6,100,5.56,1555,110.97,1525,-0.1175,88
01-02-1998,8608.9,3.9,7.04,5723.8,474.8,73.78,4.6,100,5.51,1647,85.12,1584,-0.3648,88.44
01-03-1998,8658.3,4.1,7.13,5750.3,484.6,73.8,4.7,100,5.49,1605,70.96,1567,-0.2818,88.88
01-04-1998,8685.6,4,7.14,5788.1,468.6,73.87,4.3,100,5.45,1547,77.97,1540,-0.1533,89.37
01-05-1998,8721.1,3.9,7.14,5837.9,451.6,73.88,4.4,100,5.49,1554,64.9,1536,-0.1379,89.85
01-06-1998,8770.5,3.8,7,5871.7,448,73.8,4.5,100.1,5.56,1551,64.3,1641,-0.1127,90.31
01-07-1998,8786,4,6.95,5890,455.4,73.73,4.5,100.1,5.54,1610,68.22,1698,-0.1931,90.79
01-08-1998,8814.4,4.1,6.92,5925,450.7,73.8,4.5,100.2,5.55,1654,121.53,1614,0.4889,91.26
01-09-1998,8840.5,4.1,6.72,5965.6,425.4,73.93,4.6,100.4,5.51,1577,154.07,1582,0.9696,91.72
01-10-1998,8853.3,4,6.71,5998.8,413.4,73.86,4.5,100.5,5.07,1719,113.83,1715,1.485,92.2
01-11-1998,8889.8,3.5,6.87,6015.4,424.7,73.92,4.4,100.6,4.83,1672,95.26,1660,0.4927,92.71
01-12-1998,8907.1,3.8,6.74,6070.5,389.8,74.06,4.4,100.6,4.68,1742,83.71,1792,0.5677,93.21
01-01-1999,8956.4,3.9,6.79,6073.9,435.4,74.08,4.3,100.7,4.63,1732,89.71,1748,0.4034,93.67
01-02-1999,8987.9,4,6.81,6099.2,428.8,73.94,4.4,100.7,4.76,1720,65.29,1670,0.1021,94.22
01-03-1999,8996.9,4.1,7.04,6133,404.9,73.94,4.2,100.7,4.81,1665,56.36,1710,0.0751,94.79
01-04-1999,8969,3.9,6.92,6199.5,343.8,73.81,4.3,100.7,4.74,1600,50.69,1553,0.0744,95.35
01-05-1999,8986.1,4,7.15,6232.1,326.2,73.98,4.2,100.8,4.74,1640,48.12,1611,0.0952,95.98
01-06-1999,9018.1,3.9,7.55,6260.3,322.5,73.9,4.3,100.8,4.76,1702,51.01,1559,0.0891,96.59
01-07-1999,9036.7,4,7.63,6287.6,328,73.88,4.3,100.9,4.99,1682,69.27,1669,0.2435,97.22
01-08-1999,9076.4,4,7.94,6331.9,325.1,73.91,4.2,101,5.07,1671,54.72,1648,0.3131,97.86
01-09-1999,9066.3,4.5,7.82,6386.5,286.1,73.83,4.2,101.2,5.22,1551,58.79,1635,0.4087,98.52
01-10-1999,9117.2,4.2,7.85,6411.4,308.6,73.94,4.1,101.3,5.2,1649,56.07,1608,0.6713,99.16
01-11-1999,9177.2,4.3,7.74,6448.7,321.3,74.04,4.1,101.4,5.42,1672,54.53,1648,0.3116,99.85
01-12-1999,9248.6,4.3,7.91,6541,297.5,74.11,4,101.4,5.3,1683,73.09,1708,0.2935,100.55
01-01-2000,9309.1,4.3,8.21,6542.9,358.9,74.26,4,101.5,5.45,1727,57.55,1636,0.0337,101.34
01-02-2000,9345.2,4.3,8.33,6625.3,324.3,74.28,4.1,101.5,5.73,1692,50.6,1737,0.0842,102.13
01-03-2000,9370.3,4.3,8.24,6686.5,311.8,74.24,4,101.6,5.85,1651,64.99,1604,-0.0283,102.92
01-04-2000,9418.3,4.4,8.15,6679.1,347.8,74.51,3.8,101.7,6.02,1597,59.76,1626,0.4261,103.68
01-05-2000,9457.3,4.4,8.52,6709.7,351.1,74.08,4,101.7,6.27,1543,77.52,1575,0.5521,104.42
01-06-2000,9483.3,4.8,8.29,6746.9,355.3,74.21,4,101.7,6.53,1572,67.24,1559,0.6356,105.05
01-07-2000,9533.3,4.1,8.15,6768.5,383.8,73.83,4,101.7,6.54,1542,53.87,1463,0.2302,105.77
01-08-2000,9591.5,4.4,8.03,6802.8,389.9,73.88,4.1,101.6,6.5,1552,47.64,1541,0.0138,106.54
01-09-2000,9601.5,4,7.91,6888.6,340.8,73.86,3.9,101.5,6.52,1570,67.99,1507,0.0925,107.38
01-10-2000,9627.4,4,7.8,6893.8,360.3,73.88,3.9,101.3,6.51,1577,67.59,1549,0.4288,108.3
01-11-2000,9629.8,4.2,7.75,6909.8,355.3,73.93,3.9,101.2,6.51,1614,138.22,1551,0.286,109.14
01-12-2000,9647.6,3.6,7.38,6952.2,337.9,74.12,3.9,101,6.4,1543,124.63,1532,0.7153,109.85
01-01-2001,9697.4,3.8,7.03,6987.4,379.4,73.98,4.2,100.8,5.98,1699,123.21,1600,0.4634,110.5
01-02-2001,9708.8,3.7,7.05,7001.8,385.8,73.88,4.2,100.6,5.49,1656,122.26,1625,0.3807,111.11
01-03-2001,9733.9,3.8,6.95,6996.7,411.8,73.92,4.3,100.5,5.31,1659,124.46,1590,0.6377,111.65
01-04-2001,9705,3.9,7.08,7004.2,394.2,73.55,4.4,100.3,4.8,1666,105.17,1649,0.8527,112.16
01-05-2001,9680.9,4,7.15,7052.8,347.4,73.4,4.3,100.1,4.21,1665,96.31,1605,0.324,112.8
01-06-2001,9679.4,4.2,7.16,7069.7,343.5,73.14,4.5,99.9,3.97,1626,70.57,1636,0.3039,113.49
01-07-2001,9820.7,4.2,7.13,7082.3,439.9,73.13,4.6,99.7,3.77,1598,91.9,1670,0.2281,114.17
01-08-2001,9982.1,4.4,6.95,7121.7,529.7,72.58,4.9,99.5,3.65,1615,80.84,1567,0.1664,114.81
01-09-2001,9896.5,4.4,6.82,7007,551.5,72.79,5,99.4,3.07,1565,234.57,1562,1.0924,115.31
01-10-2001,9722.4,4.3,6.62,7212.9,237.9,72.46,5.3,99.3,2.49,1566,236.41,1540,0.7005,115.86
01-11-2001,9733.4,4.1,6.66,7182.3,274.8,72.3,5.5,99.2,2.09,1651,154.39,1602,0.5181,116.45
01-12-2001,9750.3,3.8,7.07,7166.7,298,72.23,5.7,99.2,1.82,1680,127.57,1568,0.5762,117.14
01-01-2002,9951.9,4.2,7,7184.6,451.1,72.02,5.7,99.1,1.73,1665,141.64,1698,0.3221,117.84
01-02-2002,9966.6,4,6.89,7225.2,437.5,72.33,5.7,99.1,1.74,1787,86.75,1829,0.3342,118.69
01-03-2002,9973.3,4.1,7.01,7243.4,448.6,72.13,5.7,99.1,1.73,1691,94.43,1642,0.077,119.61
01-04-2002,10007.2,4.3,6.99,7312.5,440.7,71.91,5.9,99.1,1.75,1669,74.52,1592,0.242,120.72
01-05-2002,10047.9,4,6.81,7288.9,504.4,72.03,5.8,99.1,1.75,1716,89.66,1764,0.1068,121.81
01-06-2002,10078.5,4.2,6.65,7322.5,507.4,71.84,5.8,99,1.75,1758,87.07,1717,0.5246,122.89
01-07-2002,10053.5,4.2,6.49,7387.3,441.7,71.75,5.8,98.9,1.73,1738,126.56,1655,0.8719,123.83
01-08-2002,10056.6,4,6.29,7412.6,435.9,71.89,5.7,98.8,1.74,1695,114.96,1633,0.7966,124.78
01-09-2002,10068.3,3.9,6.09,7391.5,482,72.08,5.7,98.7,1.75,1803,138.87,1804,1.0842,125.73
01-10-2002,10097.3,4,6.11,7435.2,474.3,71.89,5.7,98.6,1.75,1799,113.34,1648,0.9409,126.67
01-11-2002,10124.3,4,6.07,7463.8,476.6,71.54,5.9,98.5,1.34,1771,136.55,1753,0.7163,127.62
01-12-2002,10148.6,4,6.05,7519.9,449.6,71.57,6,98.4,1.24,1896,153.67,1788,0.6625,128.46
01-01-2003,10133.6,4,5.92,7541.3,442.9,71.59,5.8,98.4,1.24,1808,184.77,1853,0.5658,129.36
01-02-2003,10097.6,4.5,5.84,7548.6,439.1,71.52,5.9,98.4,1.26,1854,192.12,1629,0.5824,130.15
01-03-2003,10121.5,4.1,5.75,7611.5,415.9,71.4,5.9,98.4,1.25,1757,212.57,1726,0.4242,130.88
01-04-2003,10181.4,4.1,5.81,7634.5,426.5,71.38,6,98.5,1.26,1803,135.48,1643,0.1499,131.74
01-05-2003,10261.2,3.9,5.48,7650.3,465.7,71.21,6.1,98.6,1.26,1835,116.64,1751,0.1723,132.65
01-06-2003,10291.2,3.5,5.23,7699.6,449.2,71.22,6.3,98.8,1.22,1875,89.3,1867,0.1531,133.78
01-07-2003,10415.5,3.6,5.63,7757,521.3,70.99,6.2,99,1.01,1885,82.49,1897,0.0295,134.97
01-08-2003,10487.7,3.5,6.26,7852.1,513.3,71,6.1,99.2,1.03,1966,89.77,1833,0.0645,136.29
01-09-2003,10369.1,3.8,6.15,7853.7,439.1,70.92,6.1,99.3,1.01,1961,96.16,1939,-0.0587,137.53
01-10-2003,10408.4,3.8,5.95,7867.4,453.3,71.06,6,99.4,1.01,2012,65.8,1967,-0.2199,138.79
01-11-2003,10470.9,4.1,5.93,7922.6,459.3,71.14,5.8,99.5,1,1918,61.47,2083,-0.3037,140.18
01-12-2003,10479,4,5.88,7950.4,454.4,71.12,5.7,99.6,0.98,1987,73.57,2057,-0.2957,141.65
01-01-2004,10472.7,3.8,5.71,8007.1,425.4,71.28,5.7,99.6,1,1952,93.05,1911,-0.4107,143.19
01-02-2004,10491.3,3.7,5.64,8040.4,426.3,71.21,5.6,99.6,1.01,1966,83.25,1846,-0.507,145.06
01-03-2004,10533.6,3.6,5.45,8098.8,418.7,71.05,5.8,99.6,1,2066,63.19,1998,-0.4628,146.59
01-04-2004,10569.6,4,5.83,8107.2,452.4,71.18,5.6,99.6,1,2070,59.88,2003,-0.573,148.19
01-05-2004,10623.3,3.8,6.27,8176.5,454.8,71.13,5.6,99.7,1,2150,76.7,1981,-0.4636,149.85
01-06-2004,10631.8,3.9,6.29,8157.6,504.3,71.11,5.6,99.7,1.03,2020,79.36,1828,-0.6228,151.34
01-07-2004,10658.1,4.5,6.06,8236.9,453.2,71.3,5.5,99.8,1.26,2112,60.95,2002,-0.5252,152.63
01-08-2004,10693.5,4.3,5.87,8271.6,450.6,71.27,5.4,99.9,1.43,2056,70.38,2024,-0.4974,154.18
01-09-2004,10701.4,4.1,5.75,8341.5,402.3,71.15,5.4,100,1.61,2041,75.09,1905,-0.6284,155.75
01-10-2004,10707.4,3.9,5.72,8397.1,387.9,71.22,5.5,100.1,1.76,2097,102.47,2072,-0.5627,157.53
01-11-2004,10677.3,4.3,5.73,8444.5,345.5,71.36,5.4,100.2,1.93,2079,72.19,1782,-0.8671,159.33
01-12-2004,11072.9,4.1,5.75,8504.4,623.8,71.3,5.4,100.3,2.16,2082,40.13,2042,-0.8183,161.29
01-01-2005,10670.3,4.4,5.71,8497.7,296.2,71.31,5.3,100.4,2.28,2139,66.99,2144,-0.7126,163.34
01-02-2005,10677.1,4.3,5.63,8559.1,263.6,71.22,5.4,100.4,2.5,2114,63.73,2207,-0.9231,165.81
01-03-2005,10717.4,4.1,5.93,8598.4,285.7,71.27,5.2,100.5,2.63,2062,55.76,1864,-0.8651,167.5
01-04-2005,10751.9,4.3,5.86,8678.4,252,71.44,5.2,100.5,2.79,2150,66.46,2061,-0.6552,169.35
01-05-2005,10799.8,4.2,5.72,8671.6,302,71.53,5.1,100.5,3,2085,73.07,2025,-0.5995,171.19
01-06-2005,10824.4,4.3,5.58,8753.4,242.9,71.49,5,100.5,3.04,2178,59.69,2068,-0.6341,172.86
01-07-2005,10839,4.2,5.7,8853.8,193.4,71.63,5,100.6,3.26,2203,50.88,2054,-0.7793,174.44
01-08-2005,10856.6,4.5,5.82,8850.1,248.7,71.83,4.9,100.6,3.5,2219,56.09,2095,-0.8075,176.44
01-09-2005,10815.7,4.7,5.77,8900.4,252.2,71.69,5,100.7,3.62,2263,85.25,2151,-0.6833,178.03
01-10-2005,10870.2,4.5,6.07,8938.5,274.5,71.69,5,100.7,3.78,2170,63,2065,-0.661,179.68
01-11-2005,10937.8,5,6.33,8946.2,304.5,71.56,5,100.8,4,2218,48.77,2147,-0.7371,180.91
01-12-2005,10976.2,4.9,6.27,8981.1,300.1,71.63,4.9,100.9,4.16,2120,60.03,1994,-0.5685,182.32
01-01-2006,11096.7,5.3,6.15,9071.6,363.2,71.69,4.7,101,4.29,2212,63.64,2273,-0.8708,183.29
01-02-2006,11151.4,6.1,6.25,9096,388.5,71.77,4.8,101.1,4.49,2141,59.09,2119,-1.0125,184.36
01-03-2006,11195.7,5.9,6.32,9132.9,408.1,71.84,4.7,101.1,4.59,2118,51.51,1969,-0.9761,184.33
01-04-2006,11190.3,6.3,6.51,9191.6,382.1,71.79,4.7,101.2,4.79,1998,69.78,1821,-0.9387,184.16
01-05-2006,11182.7,6.2,6.6,9231.8,362.4,71.87,4.6,101.1,4.94,1905,67.52,1942,-0.8824,183.51
01-06-2006,11198.2,6.3,6.68,9259.6,372.3,72.01,4.6,101.1,4.99,1867,67.89,1802,-0.6838,183.07
01-07-2006,11196.3,7.3,6.76,9343.8,315.8,72.01,4.7,101.1,5.24,1763,74.71,1737,-0.7591,182.59
01-08-2006,11189.6,6.7,6.52,9342.2,336.7,72.1,4.7,101.1,5.25,1722,71.15,1650,-0.8803,182.8
01-09-2006,11252.3,6.7,6.4,9375.4,327.3,72.05,4.5,101.1,5.25,1655,39.14,1720,-0.7695,183.2
01-10-2006,11306,7.3,6.36,9393.6,327.7,72.24,4.4,101.1,5.25,1570,42.94,1491,-0.9052,183.61
01-11-2006,11353.1,6.6,6.24,9400.2,364.1,72.18,4.5,101.1,5.25,1535,50.22,1570,-0.9072,184.14
01-12-2006,11406.8,6.5,6.14,9488.3,355.6,72.32,4.4,101.2,5.24,1638,38.21,1649,-0.8337,184.52
01-01-2007,11403.7,7.2,6.22,9538.7,332.9,72.14,4.6,101.2,5.25,1626,56.95,1409,-0.9937,184.6
01-02-2007,11439.6,7.9,6.29,9566,372.9,71.98,4.5,101.3,5.26,1598,58.38,1480,-1.0891,184.15
01-03-2007,11475,7.9,6.16,9611.7,402.2,72.02,4.4,101.3,5.26,1596,54.72,1495,-0.8113,183.01
01-04-2007,11490.1,7.4,6.18,9643.6,397.2,71.71,4.5,101.4,5.25,1470,44.37,1490,-0.9298,181.6
01-05-2007,11495.5,7.8,6.26,9685.8,381.6,71.75,4.4,101.5,5.25,1493,55.79,1415,-0.8133,180.25
01-06-2007,11488.4,8.2,6.66,9706.8,370.1,71.77,4.6,101.6,5.25,1407,50.8,1448,-0.5369,179.11
01-07-2007,11500.4,8.3,6.7,9751.1,356.7,71.73,4.7,101.6,5.26,1361,38.93,1354,-0.462,178.12
01-08-2007,11506.2,9.2,6.57,9798.9,322.6,71.57,4.6,101.7,5.02,1321,81.75,1330,0.9207,177.56
01-09-2007,11527.1,9.2,6.38,9845.1,333.6,71.7,4.7,101.8,4.94,1261,79.89,1183,1.2283,176.62
01-10-2007,11523.6,8.5,6.38,9882.7,323.6,71.58,4.7,101.8,4.76,1192,72.21,1264,0.7085,175.15
01-11-2007,11512.3,9.4,6.21,9955.9,296.5,71.77,4.7,101.8,4.49,1224,64.19,1197,1.603,174.34
01-12-2007,11552.1,9.6,6.1,9972.8,342.1,71.55,5,101.8,4.24,1149,92,1037,1.9931,173.13
01-01-2008,11553.4,9.3,5.76,9996.4,348.5,71.68,5,101.8,3.94,1094,182.06,1084,1.5297,171.54
01-02-2008,11547.6,9.7,5.92,9981.7,385,71.44,4.9,101.7,2.98,1014,118.07,1103,1.3125,170.05
01-03-2008,11545.3,10.5,5.97,10035.3,367.3,71.41,5.1,101.7,2.61,967,121.87,1005,2.3238,168.34
01-04-2008,11500.7,10.3,5.92,10070.3,312,71.43,5,101.7,2.28,1008,100.47,1013,1.8505,166.66
01-05-2008,12060.9,10.7,6.04,10132.3,826.4,71.2,5.4,101.6,1.98,995,84.73,973,0.9858,165.02
01-06-2008,11755.3,10.7,6.32,10187.1,564.2,71.13,5.6,101.4,2,1180,98.48,1046,1.2636,163.57
01-07-2008,11574,10.5,6.43,10185.1,445,70.94,5.8,101.1,2.01,921,101.75,923,1.5959,161.99
01-08-2008,11506.9,11.3,6.48,10175.7,381.3,70.72,6.1,100.8,2,858,91.44,844,1.4986,160.31
01-09-2008,11531.5,10.9,6.04,10116.4,472.7,70.54,6.1,100.3,1.81,797,183.97,820,3.1187,158.33
01-10-2008,11616.7,11.6,6.2,10034.1,576,70.39,6.5,99.8,0.97,736,243.47,777,7.908,156.14
01-11-2008,11713.8,11.4,6.09,9885.2,693.2,69.94,6.8,99.4,0.39,626,220.65,652,6.251,153.62
01-12-2008,11655.4,11.2,5.29,9801.5,668.7,69.56,7.3,98.9,0.16,554,165.28,560,5.5813,151.5
01-01-2009,11718,12.2,5.05,9847.2,676.6,69.03,7.8,98.5,0.15,545,215.22,490,3.6987,150.01
01-02-2009,11598.7,10.5,5.13,9824.5,605.9,68.73,8.3,98.2,0.22,558,238.86,582,3.4312,148.66
01-03-2009,11593.4,11,5,9773.2,639.4,68.21,8.7,98,0.18,513,189.93,505,3.364,147.95
01-04-2009,11660.2,10.7,4.81,9772.5,718.7,68.12,9,97.8,0.15,521,139.22,478,2.3547,147.7
01-05-2009,11826.7,9.3,4.86,9791.6,868.3,67.77,9.4,97.8,0.18,556,122.91,540,1.4269,148.09
01-06-2009,11610.9,8.5,5.42,9852.4,672.5,67.81,9.5,97.8,0.21,601,107.17,585,1.1565,148.41
01-07-2009,11560.4,7.9,5.22,9886.3,593.9,67.7,9.5,97.8,0.16,595,121.46,594,0.7888,148.28
01-08-2009,11538.6,7.5,5.19,10004.1,485.5,67.33,9.6,97.9,0.16,616,94.86,586,0.4519,148.02
01-09-2009,11573.1,7.8,5.06,9927.8,607.4,66.88,9.8,98.1,0.15,609,91.2,585,0.1824,147.85
01-10-2009,11538.1,7.4,4.95,9976.7,566.9,66.6,10,98.2,0.12,583,81.96,534,0.1805,148.13
01-11-2009,11571,7.6,4.88,9985.7,619.7,66.67,9.9,98.4,0.12,623,111.38,588,0.0926,147.93
01-12-2009,11630,8,4.93,10052.6,621.2,66.41,9.9,98.5,0.12,664,129.59,581,-0.1772,147.4
01-01-2010,11644.6,8.1,5.03,10056.1,653,66.75,9.8,98.7,0.11,636,156.73,614,-0.2787,145.63
01-02-2010,11655.6,8.3,4.99,10093.4,625.6,66.71,9.8,98.8,0.13,650,151.77,604,-0.2061,145.86
01-03-2010,11702.1,7.1,4.97,10156,624.2,66.73,9.9,99,0.16,687,110.03,636,-0.5348,146.4
01-04-2010,11799.8,6.2,5.1,10182.3,702,66.87,9.9,99.2,0.2,637,87.82,687,-0.4726,146.39
01-05-2010,11887.9,9.3,4.89,10210.8,762.1,66.76,9.6,99.3,0.2,575,118.89,583,0.5907,145.72
01-06-2010,11895,8.3,4.74,10231.3,742,66.75,9.4,99.5,0.18,587,127.63,536,0.5725,144.99
01-07-2010,11910.8,8.9,4.56,10268.1,731.3,66.73,9.4,99.6,0.18,579,176.8,546,0.3138,143.91
01-08-2010,11949.7,8.8,4.43,10307.1,748,66.78,9.5,99.7,0.19,580,161.47,599,0.2306,143.02
01-09-2010,11949.4,7.6,4.35,10327.1,742.1,66.66,9.5,99.7,0.19,563,213.93,594,-0.0122,142.53
01-10-2010,11950.4,8.2,4.23,10386.4,718.1,66.46,9.4,99.8,0.19,558,229.32,543,-0.1966,142.17
01-11-2010,11960.5,8.2,4.3,10433.6,703.7,66.37,9.8,99.8,0.19,560,169.9,545,-0.1945,142.06
01-12-2010,12030.1,7,4.71,10471,759.6,66.49,9.3,99.7,0.18,632,157.47,539,-0.3022,141.53
01-01-2011,12084.4,7.3,4.76,10514.3,807.3,66.68,9.1,99.7,0.17,576,139.75,630,-0.418,140.36
01-02-2011,12117,8.1,4.95,10540.6,846.5,66.6,9,99.6,0.16,542,118.36,517,-0.4282,139.99
01-03-2011,12083.3,7.2,4.84,10619.7,780.5,66.69,9,99.6,0.14,583,140.79,600,-0.2862,140.01
01-04-2011,12061.3,6.7,4.84,10652.1,773.5,66.54,9.1,99.5,0.1,581,116.03,554,-0.5115,139.9
01-05-2011,12043.2,6.6,4.64,10672.2,772.8,66.54,9,99.5,0.09,618,93.22,561,-0.4156,139.86
01-06-2011,12087.9,6.6,4.51,10694.8,795.7,66.41,9.1,99.5,0.09,636,126.06,608,-0.2379,139.73
01-07-2011,12128.6,6.7,4.55,10731.6,819.5,66.4,9,99.5,0.07,621,200.15,623,-0.3592,139.31
01-08-2011,12120.6,6.5,4.27,10750.3,819.2,66.67,9,99.6,0.1,647,253.92,585,0.6722,138.67
01-09-2011,12104,6.3,4.11,10783.2,782.7,66.69,9,99.6,0.08,610,221.51,650,0.7444,137.95
01-10-2011,12117,6,4.07,10802.9,774.3,66.67,8.8,99.8,0.07,671,133.75,610,0.5298,137.15
01-11-2011,12112.6,5.7,3.99,10806.8,792.9,66.82,8.6,99.9,0.08,706,133.72,711,0.8267,136.68
01-12-2011,12227.3,5.3,3.96,10817.8,907.2,66.85,8.5,100,0.07,697,186,694,0.5058,136.61
01-01-2012,12311.1,5.3,3.92,10896.8,953,66.93,8.3,100.1,0.08,712,156.17,723,0.2496,136.53
01-02-2012,12384.8,4.8,3.89,10987.2,959.1,66.97,8.3,100.2,0.1,738,112.69,704,-0.0368,137.9
01-03-2012,12431.1,4.9,3.95,10993.9,1014.5,66.99,8.2,100.2,0.13,806,90.25,695,-0.178,139.16
01-04-2012,12486.5,4.9,3.91,11018.5,1062.5,66.92,8.2,100.2,0.14,732,94.95,753,-0.0595,140.16
01-05-2012,12490.2,4.7,3.8,11006.8,1066.9,67.06,8.2,100.2,0.16,796,120.23,708,0.061,141.03
01-06-2012,12482.6,4.8,3.68,10989.8,1074.9,67.13,8.2,100.2,0.16,794,169.63,757,0.1076,141.67
01-07-2012,12396.5,4.6,3.55,11016.8,967.8,67.05,8.2,100.1,0.16,849,171.59,740,-0.0911,142.28
01-08-2012,12364.4,4.6,3.6,11056,935,67.01,8.1,100,0.13,840,149.65,754,-0.2929,142.91
01-09-2012,12453.3,4.5,3.5,11105.3,1009.3,67.31,7.8,100,0.14,930,146.6,847,-0.4982,143.6
01-10-2012,12538.2,4.9,3.38,11137.4,1096.1,67.5,7.8,99.9,0.16,887,161.7,915,-0.5832,144.59
01-11-2012,12702.9,4.6,3.35,11178.4,1214.4,67.28,7.7,99.9,0.16,917,208.19,833,-0.4724,145.5
01-12-2012,13011.6,4.5,3.35,11181.2,1523.4,67.3,7.9,99.9,0.16,941,211.77,976,-0.611,146.84
01-01-2013,12258.9,4,3.41,11245.8,725.4,67.26,8,99.9,0.14,940,204,888,-0.7379,147.78
01-02-2013,12224.9,4.1,3.53,11282.1,698.3,67.24,7.7,99.9,0.15,980,145.21,962,-0.6992,149.97
01-03-2013,12262.1,4.2,3.57,11268.9,729.1,67.18,7.5,99.9,0.14,936,137.83,1010,-0.7481,151.52
01-04-2013,12299,4.4,3.45,11259.3,765.3,67.27,7.6,99.9,0.15,1012,89.17,835,-0.7031,152.85
01-05-2013,12358.6,4.6,3.54,11295.1,800.4,67.34,7.5,99.9,0.11,1003,78.38,930,-0.6827,154.19
01-06-2013,12361.7,4.1,4.07,11318.5,811.7,67.37,7.5,99.9,0.09,942,81.67,839,-0.1658,155.61
01-07-2013,12350.6,5.5,4.37,11346.8,786.5,67.49,7.3,99.9,0.09,997,93.22,880,-0.4575,156.97
01-08-2013,12379.6,5.5,4.46,11376.9,802.3,67.42,7.2,99.9,0.08,964,92.88,917,-0.3965,158.23
01-09-2013,12431.5,5.4,4.49,11413.9,819,67.47,7.2,99.9,0.08,1004,116.72,850,-0.4284,159.25
01-10-2013,12395.1,4.9,4.19,11465.2,752.2,67.13,7.2,99.9,0.09,1044,176.28,925,-0.55,160.08
01-11-2013,12426.2,5,4.26,11531.3,738.2,67.44,6.9,99.9,0.08,1029,83.82,1100,-0.6869,161
01-12-2013,12452.7,5.2,4.46,11558.6,763.4,67.54,6.7,99.8,0.09,1005,90.94,1002,-0.6727,161.95
01-01-2014,12513.3,5.1,4.43,11543.7,856.8,67.71,6.6,99.7,0.07,976,95.63,888,-0.6475,162.53
01-02-2014,12579.5,5.3,4.3,11615.4,855.6,67.69,6.7,99.7,0.07,1039,83.49,944,-0.6854,163.09
01-03-2014,12648.6,5.6,4.34,11695.2,868.9,67.92,6.7,99.7,0.08,1067,72.93,970,-0.7228,163.4
01-04-2014,12699,5.7,4.34,11737.4,901.5,67.94,6.2,99.8,0.09,1090,63.76,1043,-0.7154,163.67
01-05-2014,12745,5.2,4.19,11778.6,930,68.03,6.3,99.9,0.09,1018,68.4,1007,-0.7794,164.04
01-06-2014,12797.2,5.7,4.16,11838,940,68.16,6.1,100.1,0.1,1010,68.9,911,-0.8845,164.57
01-07-2014,12835.1,6.2,4.13,11879.2,953.6,68.17,6.2,100.2,0.09,1076,72.39,1085,-0.7893,165.22
01-08-2014,12896.3,5.4,4.12,11958.8,931.6,68.23,6.1,100.3,0.09,1047,53.54,984,-0.6991,165.91
01-09-2014,12938.8,5.4,4.16,11964.9,967,68.28,5.9,100.4,0.09,1077,57.97,1023,-0.5998,166.65
01-10-2014,12995.3,5.3,4.04,12035.5,946.7,68.57,5.7,100.4,0.09,1094,66.29,1074,-0.3652,167.34
01-11-2014,13062.8,5.7,4,12058.4,980.4,68.51,5.8,100.5,0.09,1059,58.18,1001,-0.4833,168.06
01-12-2014,13150.5,5.1,3.86,12067.6,1038.9,68.48,5.6,100.5,0.12,1072,66.24,1073,-0.2754,168.66
01-01-2015,13224.7,4.8,3.67,12036.5,1078.7,68.55,5.7,100.5,0.11,1049,80.65,1085,-0.0394,169.14
01-02-2015,13271.8,4.5,3.71,12083.1,1103.4,68.54,5.5,100.6,0.11,1127,68.66,886,-0.3018,169.81
01-03-2015,13233.7,5.1,3.77,12132.2,1042.5,68.43,5.4,100.6,0.11,1072,62.27,960,-0.246,170.31
01-04-2015,13262.8,4.9,3.67,12170.3,1039.3,68.69,5.4,100.6,0.12,1166,66.03,1190,-0.4009,170.89
01-05-2015,13284.7,5,3.84,12233.6,1026,68.8,5.6,100.5,0.12,1272,62.86,1079,-0.3591,171.44
01-06-2015,13292.7,5.4,3.98,12270.3,1017.7,68.69,5.3,100.5,0.13,1379,67.03,1205,-0.2812,172.13
01-07-2015,13324.1,5.2,4.05,12327.5,1002.3,68.64,5.2,100.4,0.13,1140,74.31,1146,-0.1705,172.95
01-08-2015,13354.9,5,3.91,12359.3,1002.7,68.76,5.1,100.3,0.14,1165,76.01,1130,0.0998,173.84
01-09-2015,13392,5.9,3.89,12356.4,1024.8,68.65,5,100.3,0.14,1144,87.06,1224,0.2013,174.8
01-10-2015,13419.8,5.6,3.8,12362.3,1042.7,68.72,5,100.2,0.12,1160,65.75,1058,0.1069,175.75
01-11-2015,13417.7,5.5,3.94,12397.5,1010.7,68.87,5.1,100.1,0.12,1244,55.51,1172,-0.0417,176.55
01-12-2015,13482,5.1,3.96,12432.8,1027.6,69.08,5,100.1,0.24,1211,71.08,1146,0.261,177.3
01-01-2016,13531.6,5.6,3.87,12452.1,1070.4,69.19,4.8,100,0.34,1171,80.38,1092,0.5679,177.67
01-02-2016,13546.1,5.5,3.66,12526.3,1005.9,69.26,4.9,100,0.38,1172,78.93,1225,0.6273,178.19
01-03-2016,13547.2,5.5,3.69,12506.8,1062.2,69.28,5,99.9,0.36,1118,63.63,1111,0.0635,178.8
01-04-2016,13522,5,3.61,12586,1005.1,69.18,5.1,99.9,0.37,1160,52.44,1163,0.0727,179.46
01-05-2016,13515.1,5.1,3.6,12624.4,976.1,69.29,4.8,99.9,0.37,1205,55.18,1148,0.0312,180.06
01-06-2016,13521.5,5.3,3.57,12701.7,927.7,69.2,4.9,99.8,0.38,1208,133.65,1203,0.1715,180.85
01-07-2016,13567.1,4.5,3.44,12720.6,958.1,69.29,4.8,99.8,0.39,1198,94.67,1239,0.0798,181.87
01-08-2016,13578.9,5,3.44,12749.8,962.8,69.39,4.9,99.8,0.4,1201,71.41,1171,0.1225,182.84
01-09-2016,13608.3,5.2,3.46,12806.8,962.8,69.43,5,99.8,0.4,1303,50.29,1068,0.214,183.75
01-10-2016,13627.7,5.2,3.47,12828.1,987.9,69.41,4.9,99.8,0.4,1254,69.45,1313,0.0137,184.74
01-11-2016,13657.8,5.2,3.77,12853.6,996.5,69.54,4.7,99.8,0.41,1230,125.67,1140,-0.0543,185.69
01-12-2016,13685.3,5.4,4.2,12962.9,938.5,69.56,4.7,99.7,0.54,1248,123.93,1252,-0.218,186.79
01-01-2017,13742.1,5.4,4.15,13015.1,1000.4,69.65,4.7,99.7,0.65,1301,144.14,1190,-0.2067,187.31
01-02-2017,13792.3,5.3,4.17,13034.7,1046.9,69.72,4.6,99.7,0.66,1243,119.43,1271,-0.2816,188.03
01-03-2017,13851.3,5,4.2,13089.6,1048.5,70.01,4.4,99.7,0.79,1290,112.85,1190,-0.4285,188.82
01-04-2017,13869.6,5.4,4.05,13127.7,1060.2,70.1,4.4,99.7,0.9,1252,101.36,1146,-0.4265,189.71
01-05-2017,13962.6,5.1,4.01,13128.7,1147.6,70.01,4.4,99.7,0.91,1205,92.19,1157,-0.6131,190.52
01-06-2017,13963.5,5.3,3.9,13176.8,1108,70.1,4.3,99.8,1.04,1348,95.06,1249,-0.6598,191.5
01-07-2017,13999.9,5.8,3.97,13198.3,1127.1,70.18,4.3,99.8,1.15,1254,100.41,1206,-0.7208,192.72
01-08-2017,14015.8,6.1,3.88,13241,1134.1,70.16,4.4,99.9,1.16,1322,73.29,1159,-0.552,193.79
01-09-2017,14030.9,5.3,3.81,13365.1,1091.8,70.48,4.3,99.9,1.15,1266,84.19,1181,-0.6558,194.78
01-10-2017,14062.7,5.5,3.9,13394.8,1113,70.24,4.2,100,1.15,1350,70.21,1257,-0.7588,195.87
01-11-2017,14078.4,4.8,3.92,13495.7,1049.9,70.28,4.2,100.1,1.16,1290,91.2,1273,-0.7861,197.04
01-12-2017,14111.5,5.6,3.95,13601.8,989.3,70.28,4.1,100.2,1.3,1304,90.57,1177,-0.7474,198.2
01-01-2018,14211.4,5.7,4.03,13620.1,1127.7,70.32,4,100.3,1.41,1314,114.8,1301,-0.7721,199.18
01-02-2018,14250.1,5.7,4.33,13657.2,1162.4,70.6,4.1,100.4,1.42,1342,84.04,1279,-0.3829,200.04
01-03-2018,14298.3,5.3,4.44,13725,1170,70.56,4,100.4,1.51,1402,76.38,1324,-0.1281,200.88
01-04-2018,14329.5,5.5,4.47,13809.3,1152.3,70.59,4,100.5,1.69,1388,88.6,1286,-0.1274,201.65
01-05-2018,14373.2,5.4,4.59,13872.1,1160.9,70.74,3.8,100.5,1.7,1339,87.87,1358,-0.3781,202.35
01-06-2018,14416.2,5.9,4.57,13912.9,1181.7,70.7,4,100.5,1.82,1334,103.79,1199,-0.372,203.02
01-07-2018,14467,6.2,4.53,13962.6,1192.8,70.87,3.8,100.5,1.91,1338,99.53,1199,-0.5808,203.78
01-08-2018,14509.6,6.5,4.55,14014.5,1192.5,70.58,3.8,100.5,1.91,1275,85.71,1289,-0.6819,204.37
01-09-2018,14498.8,6.6,4.63,14030.7,1195.7,70.77,3.7,100.4,1.95,1301,67.36,1247,-0.8508,205.02
01-10-2018,14527.7,7,4.83,14119.6,1169.4,70.9,3.8,100.4,2.19,1268,90.25,1220,-0.6087,205.46
01-11-2018,14550.4,6.7,4.87,14187.8,1135.5,70.97,3.8,100.4,2.2,1325,79.47,1177,-0.3174,205.87
01-12-2018,14719.3,7.5,4.64,14050.6,1450.5,70.99,3.9,100.4,2.27,1307,127.53,1089,0.2403,206.27
01-01-2019,14714.3,6.9,4.46,14104.4,1386.6,71.02,4,100.4,2.4,1253,146.59,1232,-0.2298,206.71
01-02-2019,14742.1,6.4,4.37,14117.9,1419.1,71.04,3.8,100.4,2.4,1311,82.65,1129,-0.4919,207.2
01-03-2019,14732.5,5.8,4.27,14244.4,1324.4,71.08,3.8,100.5,2.41,1317,94.66,1200,-0.6423,207.94
01-04-2019,14678,5.7,4.14,14329.3,1233.3,71.16,3.6,100.5,2.42,1330,78.74,1280,-0.814,208.58
01-05-2019,14673.5,6.5,4.07,14372.2,1190.7,71.15,3.6,100.6,2.39,1349,94.45,1308,-0.5248,208.95
01-06-2019,14686.4,5.3,3.8,14425.7,1159,71.25,3.6,100.7,2.38,1303,137.37,1235,-0.4339,209.5
01-07-2019,14703.7,5.8,3.77,14487.4,1138,71.27,3.7,100.7,2.4,1363,94.8,1232,-0.6026,210.23
01-08-2019,14777.8,5.6,3.62,14536.4,1179,71.44,3.7,100.8,2.13,1485,155.23,1370,-0.1415,210.91
01-09-2019,14807.9,5.4,3.61,14564.7,1198.1,71.72,3.5,100.8,2.04,1461,118.31,1297,-0.3207,211.6
01-10-2019,14821.4,5.4,3.69,14607.9,1203.6,71.69,3.6,100.9,1.83,1520,98,1328,-0.1205,212.45
01-11-2019,14885.9,5.6,3.7,14667.6,1227.8,71.68,3.6,100.9,1.55,1497,81.04,1343,-0.2766,213.43
01-12-2019,14844.1,5.6,3.72,14686.3,1193.8,71.69,3.6,100.9,1.55,1439,121.31,1538,-0.3999,214.49
01-01-2020,14976.5,5.5,3.62,14769.9,1293.8,71.77,3.5,100.9,1.55,1493,110.07,1569,-0.4475,215.55
01-02-2020,15068.8,5.7,3.47,14785.1,1392.4,71.79,3.5,100.9,1.58,1457,113.26,1571,-0.306,216.6
01-03-2020,14844,6.5,3.45,13762.2,2147.9,70.56,4.4,96,0.65,1383,380.39,1270,3.7654,217.46
01-04-2020,17170.7,6.7,3.31,12021.8,6392.5,60.26,14.7,93.1,0.05,1084,555.32,938,2.0279,217.69
01-05-2020,16333,5.3,3.23,13058.1,4478.1,62.25,13.2,91.5,0.05,1256,484.18,1055,0.4577,218.14
01-06-2020,16057.3,3.9,3.16,13889.3,3445.3,64.79,11,93.4,0.08,1338,313.92,1269,0.0564,219.7
01-07-2020,16151.9,3.5,3.02,14129.2,3359.4,65.39,10.2,95.1,0.09,1553,359.45,1510,-0.138,222.54
01-08-2020,15553.9,3.3,2.94,14270.5,2598.4,66.86,8.4,96.9,0.1,1520,298.59,1376,-0.3663,225.79
01-09-2020,15643.4,3.4,2.89,14481.7,2506.2,66.93,7.9,97.1,0.09,1614,247.74,1461,-0.1742,229.4
01-10-2020,15568.4,3.4,2.83,14546,2370.9,67.84,6.9,97.3,0.09,1599,271.43,1530,-0.2481,232.67
01-11-2020,15366.5,4.1,2.77,14467.3,2239.3,67.77,6.7,97.5,0.09,1682,264.69,1541,-0.5476,235.7
01-12-2020,15393.8,4.1,2.68,14389.5,2426.2,67.91,6.7,97.8,0.09,1730,238.67,1651,-0.5771,238.78
01-01-2021,16988.6,4,2.74,14857.9,3798.6,68.19,6.4,98.2,0.09,1843,216.06,1602,-0.6343,241.85
01-02-2021,15548.2,4.8,2.81,14699.6,2376.9,68.41,6.2,98.6,0.08,1743,154.4,1430,-0.7444,245.8
01-03-2021,19119.5,4.2,3.08,15458.9,5763.5,68.6,6,98.8,0.07,1773,176.7,1711,-0.6315,250.09
01-04-2021,16146.9,4.7,3.06,15618.7,2331.1,68.7,6,99,0.07,1765,122.48,1505,-0.8413,254.56
01-05-2021,15669.5,5.4,2.96,15624.4,1872.8,68.98,5.8,99.2,0.06,1691,129.44,1605,-0.8865,259.25
01-06-2021,15603.3,5.8,2.98,15802,1713.2,69.12,5.9,99.3,0.08,1661,113.15,1664,-0.9539,263.35
01-07-2021,15735.2,6,2.87,15814.9,1920.5,69.66,5.4,99.5,0.1,1655,130.01,1573,-0.8982,267.03
01-08-2021,15720,6.5,2.84,15991.1,1795.2,69.69,5.2,99.7,0.09,1772,124.14,1576,-0.9286,270.26
01-09-2021,15466.3,6.1,2.9,16088.9,1463.7,69.96,4.7,99.9,0.08,1615,120.23,1559,-0.9162,273.15
01-10-2021,15472.4,6.9,3.07,16309.5,1362.4,70.13,4.6,100,0.08,1698,109.65,1563,-0.973,276.43
01-11-2021,15470.8,6.2,3.07,16390.9,1384.4,70.59,4.2,100.1,0.08,1729,135.15,1706,-0.8311,280.19
01-12-2021,15442.7,5.6,3.1,16242.3,1593.2,70.8,3.9,100.1,0.08,1896,137.13,1768,-0.6799,284.77
01-01-2022,15163.5,5.7,3.45,16543.3,1047.7,70.75,4,100.1,0.08,1841,145.67,1666,,290.37
01-02-2022,15173.6,6,3.76,16635.8,1060,70.89,3.8,100,0.08,1857,127.99,1777,,296.5
01-03-2022,15119.6,7,4.17,16831.2,961.2,71.31,3.6,,0.2,1879,186.61,1716,,301.7
01-04-2022,15148.6,8.6,4.98,16911.2,950.1,71.26,3.6,,0.33,1823,136.31,1805,,304.83
01-05-2022,15149.9,8.4,5.23,16954.5,1010.5,71.39,3.6,,0.77,1695,133.78,1591,,
01-06-2022,15104.8,9.3,5.52,17135.6,944.5,71.25,3.6,,1.21,1696,133.43,1559,,
,,,5.41,,,,,,1.68,,145.86,,,
